SF,Distancia,RSSI,SNR,PDR,Autonomia_Horas,Delta_Tiempo_ms
SF7,100,-85.0,12.0,51.7,115.4,2515.8
SF7,100,-88.0,11.0,3.1,115.4,7513.543212890625
SF7,100,-79.0,13.0,6.1,115.4,2489.1298828125
SF7,100,-79.0,13.0,100.0,115.4,2515.8
SF7,100,-86.0,12.0,100.0,115.4,2466.99267578125
SF7,100,-85.0,12.0,100.0,115.4,2497.485107421875
SF7,100,-86.0,11.0,100.0,115.4,2503.474609375
SF7,100,-85.0,12.0,100.0,115.4,2494.520263671875
SF7,100,-82.0,12.0,100.0,115.4,2506.329345703125
SF7,100,-81.0,12.0,100.0,115.4,2501.033203125
SF7,100,-81.0,12.0,100.0,115.4,2496.0166015625
SF7,100,-82.0,12.0,100.0,115.4,2504.74560546875
SF7,100,-85.0,12.0,100.0,115.4,2502.872802734375
SF7,100,-82.0,12.0,100.0,115.4,2500.9462890625
SF7,100,-80.0,12.0,100.0,115.4,2500.91748046875
SF7,100,-80.0,11.0,100.0,115.4,2497.99072265625
SF7,100,-85.0,12.0,100.0,115.4,2502.957275390625
SF7,100,-87.0,11.0,100.0,115.4,2500.69921875
SF7,100,-98.0,6.0,100.0,115.4,2503.54296875
SF7,100,-93.0,9.0,100.0,115.4,2496.192626953125
SF7,100,-99.0,4.0,100.0,115.4,2502.760986328125
SF7,100,-103.0,1.0,100.0,115.4,2503.943603515625
SF7,100,-97.0,6.0,100.0,115.4,2500.795166015625
SF7,100,-96.0,7.0,100.0,115.4,2498.04248046875
SF7,100,-98.0,6.0,100.0,115.4,2501.007080078125
SF7,100,-97.0,7.0,100.0,115.4,2500.949462890625
SF7,100,-99.0,5.0,100.0,115.4,2500.946533203125
SF7,100,-104.0,-1.0,100.0,115.4,2504.18603515625
SF7,100,-103.0,-1.0,100.0,115.4,2494.807861328125
SF7,100,-105.0,-2.0,100.0,115.4,2503.407958984375
SF7,100,-102.0,2.0,100.0,115.4,2502.592529296875
SF7,100,-103.0,-1.0,100.0,115.4,2499.044189453125
SF7,100,-94.0,9.0,100.0,115.4,2503.255859375
SF7,100,-92.0,10.0,100.0,115.4,2500.9873046875
SF7,100,-95.0,8.0,100.0,115.4,2500.808349609375
SF7,100,-92.0,10.0,100.0,115.4,2501.031005859375
SF7,100,-96.0,8.0,100.0,115.4,2500.76123046875
SF7,100,-99.0,5.0,100.0,115.4,2497.330810546875
SF7,100,-96.0,7.0,100.0,115.4,2502.505126953125
SF7,100,-88.0,11.0,100.0,115.4,2503.939453125
SF7,100,-94.0,8.0,100.0,115.4,2500.8076171875
SF7,100,-96.0,7.0,100.0,115.4,2498.055419921875
SF7,100,-95.0,8.0,100.0,115.4,2500.4970703125
SF7,100,-91.0,10.0,100.0,115.4,2503.386474609375
SF7,100,-91.0,11.0,100.0,115.4,2485.763671875
SF7,100,-87.0,11.0,100.0,115.4,2514.90087890625
SF7,100,-86.0,11.0,100.0,115.4,2500.226806640625
SF7,100,-85.0,12.0,100.0,115.4,2500.8466796875
SF7,100,-83.0,12.0,100.0,115.4,2498.84326171875
SF7,100,-83.0,12.0,100.0,115.4,2497.11083984375
SF7,100,-82.0,13.0,100.0,115.4,2506.59912109375
SF7,100,-82.0,13.0,100.0,115.4,2494.63330078125
SF7,100,-82.0,12.0,100.0,115.4,2502.193603515625
SF9,100,-83.0,9.0,100.0,81.1,123686.91015625
SF9,100,-90.0,8.0,200.0,81.1,110875.16577148438
SF9,100,-91.0,8.0,150.0,81.1,2480.751953125
SF9,100,-87.0,10.0,133.3,81.1,2504.129638671875
SF9,100,-100.0,3.0,125.0,81.1,2498.955322265625
SF9,100,-94.0,7.0,120.0,81.1,2502.678955078125
SF9,100,-103.0,-1.0,116.7,81.1,2500.3369140625
SF9,100,-92.0,9.0,114.3,81.1,2501.85888671875
SF9,100,-92.0,7.0,112.5,81.1,2497.039794921875
SF9,100,-89.0,8.0,111.1,81.1,2502.359619140625
SF9,100,-89.0,8.0,110.0,81.1,2504.6376953125
SF9,100,-90.0,9.0,109.1,81.1,2503.51220703125
SF9,100,-90.0,9.0,108.3,81.1,2498.3291015625
SF9,100,-90.0,9.0,107.7,81.1,2501.017822265625
SF9,100,-87.0,9.0,107.1,81.1,2505.2646484375
SF9,100,-95.0,6.0,106.7,81.1,2500.800048828125
SF9,100,-94.0,8.0,106.2,81.1,2500.105712890625
SF9,100,-92.0,8.0,105.9,81.1,2500.96630859375
SF9,100,-90.0,8.0,105.6,81.1,2500.77294921875
SF9,100,-91.0,8.0,105.3,81.1,2500.81298828125
SF9,100,-91.0,7.0,105.0,81.1,2500.17822265625
SF9,100,-90.0,9.0,104.8,81.1,2501.812255859375
SF9,100,-92.0,8.0,104.5,81.1,2501.08935546875
SF9,100,-93.0,8.0,104.3,81.1,2500.851318359375
SF9,100,-90.0,9.0,104.2,81.1,2499.13134765625
SF9,100,-95.0,7.0,104.0,81.1,2502.349853515625
SF9,100,-89.0,8.0,103.8,81.1,2501.73046875
SF9,100,-100.0,2.0,103.7,81.1,2502.08251953125
SF9,100,-99.0,4.0,103.6,81.1,2501.85595703125
SF9,100,-100.0,1.0,103.4,81.1,2501.01953125
SF9,100,-90.0,9.0,103.3,81.1,2500.98486328125
SF9,100,-98.0,5.0,103.2,81.1,2496.0390625
SF9,100,-103.0,-1.0,103.1,81.1,2506.155029296875
SF9,100,-104.0,-3.0,103.0,81.1,2497.520263671875
SF9,100,-104.0,-1.0,102.9,81.1,2501.5888671875
SF9,100,-100.0,3.0,102.9,81.1,2501.7392578125
SF9,100,-102.0,-2.0,102.8,81.1,2500.98291015625
SF9,100,-95.0,7.0,102.7,81.1,2502.589111328125
SF9,100,-97.0,6.0,102.6,81.1,2497.53955078125
SF9,100,-100.0,2.0,102.6,81.1,2503.868896484375
SF9,100,-100.0,2.0,102.5,81.1,2492.806640625
SF9,100,-91.0,8.0,102.4,81.1,2508.970458984375
SF9,100,-92.0,8.0,102.4,81.1,2497.189453125
SF9,100,-104.0,-2.0,102.3,81.1,2505.0986328125
SF9,100,-92.0,9.0,102.3,81.1,2499.942138671875
SF9,100,-91.0,8.0,102.2,81.1,2497.53125
SF9,100,-90.0,8.0,102.2,81.1,2499.922119140625
SF9,100,-89.0,8.0,102.1,81.1,2500.92333984375
SF9,100,-98.0,4.0,102.1,81.1,2503.093505859375
SF9,100,-88.0,9.0,102.0,81.1,2500.540771484375
SF9,100,-89.0,9.0,102.0,81.1,2497.39306640625
SF12,100,-84.0,3.0,14.3,46.9,42354.850830078125
SF12,100,-82.0,3.0,25.0,46.9,2486.02392578125
SF12,100,-79.0,3.0,33.3,46.9,2501.880615234375
SF12,100,-88.0,3.0,36.4,46.9,5000.61865234375
SF12,100,-90.0,2.0,41.7,46.9,2503.21435546875
SF12,100,-94.0,3.0,46.2,46.9,2500.019287109375
SF12,100,-90.0,2.0,50.0,46.9,2501.83642578125
SF12,100,-86.0,3.0,53.3,46.9,2500.128662109375
SF12,100,-86.0,3.0,56.2,46.9,2496.44091796875
SF12,100,-86.0,3.0,58.8,46.9,2500.91455078125
SF12,100,-95.0,2.0,55.0,46.9,7507.188232421875
SF12,100,-88.0,3.0,42.9,46.9,20007.07666015625
SF12,100,-93.0,2.0,44.8,46.9,2500.031005859375
SF12,100,-91.0,2.0,46.7,46.9,2500.9111328125
SF12,100,-92.0,2.0,48.4,46.9,2501.91796875
SF12,100,-94.0,3.0,34.0,46.9,40014.16455078125
SF12,100,-88.0,3.0,35.4,46.9,2501.008056640625
SF12,100,-79.0,4.0,36.7,46.9,2501.37548828125
SF12,100,-75.0,3.0,38.0,46.9,2500.63232421875
SF7,200,-105.0,-8.0,33.3,115.4,2515.8
SF7,200,-105.0,-7.0,50.0,115.4,2488.234619140625
SF7,200,-105.0,-9.0,60.0,115.4,2500.833984375
SF7,200,-105.0,-6.0,57.1,115.4,5000.78466796875
SF7,200,-102.0,1.0,62.5,115.4,2504.653564453125
SF7,200,-97.0,7.0,66.7,115.4,2499.723388671875
SF7,200,-102.0,1.0,70.0,115.4,2501.84375
SF7,200,-99.0,4.0,61.5,115.4,7502.671875
SF7,200,-99.0,5.0,64.3,115.4,2497.502685546875
SF7,200,-98.0,5.0,66.7,115.4,2498.634765625
SF7,200,-92.0,9.0,68.7,115.4,2502.88623046875
SF7,200,-94.0,9.0,70.6,115.4,2501.777587890625
SF7,200,-92.0,9.0,72.2,115.4,2500.003173828125
SF7,200,-93.0,8.0,73.7,115.4,2499.992919921875
SF7,200,-93.0,9.0,75.0,115.4,2499.1103515625
SF7,200,-97.0,7.0,76.2,115.4,2503.708984375
SF7,200,-96.0,7.0,77.3,115.4,2500.7470703125
SF7,200,-94.0,8.0,78.3,115.4,2501.2197265625
SF7,200,-95.0,8.0,79.2,115.4,2500.504638671875
SF7,200,-95.0,7.0,80.0,115.4,2501.82666015625
SF7,200,-100.0,4.0,80.8,115.4,2503.14501953125
SF7,200,-97.0,7.0,81.5,115.4,2500.6328125
SF7,200,-99.0,5.0,82.1,115.4,2498.22900390625
SF7,200,-94.0,8.0,82.8,115.4,2500.180419921875
SF7,200,-94.0,9.0,83.3,115.4,2499.937255859375
SF7,200,-99.0,4.0,83.9,115.4,2501.690673828125
SF7,200,-103.0,1.0,84.4,115.4,2504.739013671875
SF7,200,-100.0,4.0,84.8,115.4,2497.77880859375
SF7,200,-104.0,0.0,85.3,115.4,2502.218505859375
SF7,200,-94.0,8.0,85.7,115.4,2502.647705078125
SF7,200,-98.0,6.0,86.1,115.4,2498.078125
SF7,200,-96.0,7.0,86.5,115.4,2500.103271484375
SF7,200,-100.0,4.0,86.8,115.4,2503.443115234375
SF7,200,-94.0,9.0,87.2,115.4,2501.781494140625
SF7,200,-92.0,10.0,87.5,115.4,2500.403564453125
SF7,200,-96.0,7.0,87.8,115.4,2501.05126953125
SF7,200,-95.0,8.0,88.1,115.4,2497.66943359375
SF7,200,-94.0,9.0,88.4,115.4,2500.96875
SF7,200,-92.0,9.0,88.6,115.4,2500.76806640625
SF7,200,-92.0,10.0,88.9,115.4,2503.613037109375
SF7,200,-92.0,10.0,89.1,115.4,2495.567626953125
SF7,200,-92.0,9.0,89.4,115.4,2506.036865234375
SF7,200,-90.0,10.0,89.6,115.4,2501.520751953125
SF7,200,-92.0,9.0,89.8,115.4,2500.937255859375
SF7,200,-95.0,8.0,90.0,115.4,2499.58154296875
SF9,200,-100.0,4.0,100.0,81.1,86025.52856445312
SF9,200,-90.0,8.0,100.0,81.1,2468.25146484375
SF9,200,-87.0,8.0,100.0,81.1,2497.8583984375
SF9,200,-86.0,9.0,100.0,81.1,2501.195068359375
SF9,200,-84.0,9.0,100.0,81.1,2500.777587890625
SF9,200,-83.0,8.0,100.0,81.1,2500.883056640625
SF9,200,-87.0,8.0,100.0,81.1,2500.777587890625
SF9,200,-84.0,9.0,100.0,81.1,2500.07763671875
SF9,200,-83.0,8.0,100.0,81.1,2501.948486328125
SF9,200,-85.0,9.0,100.0,81.1,2507.943115234375
SF9,200,-87.0,8.0,100.0,81.1,2502.686767578125
SF9,200,-85.0,10.0,100.0,81.1,2502.974853515625
SF9,200,-84.0,10.0,100.0,81.1,2498.905517578125
SF9,200,-83.0,9.0,100.0,81.1,2501.727783203125
SF9,200,-85.0,10.0,100.0,81.1,2501.094482421875
SF9,200,-84.0,9.0,100.0,81.1,2500.37158203125
SF9,200,-84.0,10.0,100.0,81.1,2499.41064453125
SF9,200,-83.0,9.0,100.0,81.1,2504.02197265625
SF9,200,-82.0,10.0,100.0,81.1,2500.859619140625
SF9,200,-82.0,10.0,100.0,81.1,2493.248291015625
SF9,200,-83.0,10.0,100.0,81.1,2506.544189453125
SF9,200,-83.0,10.0,100.0,81.1,2495.98095703125
SF9,200,-83.0,9.0,100.0,81.1,2505.574462890625
SF9,200,-85.0,10.0,100.0,81.1,2502.970703125
SF9,200,-85.0,10.0,100.0,81.1,2493.6962890625
SF9,200,-85.0,10.0,100.0,81.1,2499.2529296875
SF9,200,-85.0,10.0,100.0,81.1,2502.408935546875
SF9,200,-86.0,9.0,100.0,81.1,2508.22314453125
SF9,200,-86.0,9.0,100.0,81.1,2492.404052734375
SF9,200,-86.0,9.0,100.0,81.1,2502.444091796875
SF9,200,-85.0,10.0,100.0,81.1,2508.01611328125
SF9,200,-85.0,9.0,100.0,81.1,2499.026611328125
SF9,200,-85.0,10.0,100.0,81.1,2500.655029296875
SF9,200,-84.0,10.0,100.0,81.1,2501.25
SF9,200,-88.0,9.0,100.0,81.1,2502.630615234375
SF9,200,-87.0,8.0,100.0,81.1,2498.9033203125
SF9,200,-86.0,9.0,100.0,81.1,2500.83447265625
SF9,200,-89.0,8.0,100.0,81.1,2499.220947265625
SF9,200,-87.0,9.0,100.0,81.1,2502.630859375
SF9,200,-86.0,9.0,100.0,81.1,2500.65283203125
SF9,200,-87.0,9.0,100.0,81.1,2501.045654296875
SF9,200,-88.0,9.0,100.0,81.1,2500.9794921875
SF9,200,-86.0,9.0,100.0,81.1,2499.01708984375
SF9,200,-86.0,9.0,100.0,81.1,2497.96240234375
SF9,200,-87.0,9.0,100.0,81.1,2505.84716796875
SF9,200,-86.0,9.0,100.0,81.1,2500.85302734375
SF9,200,-86.0,8.0,100.0,81.1,2497.1796875
SF9,200,-86.0,9.0,100.0,81.1,2500.381591796875
SF9,200,-87.0,9.0,100.0,81.1,2504.9482421875
SF9,200,-86.0,9.0,100.0,81.1,2500.941162109375
SF12,200,-94.0,2.0,100.0,46.9,36155.499755859375
SF12,200,-87.0,2.0,100.0,46.9,2466.03173828125
SF12,200,-88.0,2.0,100.0,46.9,2500.010009765625
SF12,200,-89.0,2.0,100.0,46.9,2499.64501953125
SF12,200,-88.0,3.0,100.0,46.9,2502.3544921875
SF12,200,-87.0,3.0,75.0,46.9,7503.994140625
SF12,200,-90.0,2.0,77.8,46.9,2500.42138671875
SF12,200,-93.0,2.0,80.0,46.9,2499.13916015625
SF12,200,-91.0,3.0,81.8,46.9,2501.728759765625
SF12,200,-89.0,3.0,83.3,46.9,2501.703369140625
SF12,200,-99.0,1.0,84.6,46.9,2501.106689453125
SF12,200,-98.0,-1.0,85.7,46.9,2503.36181640625
SF12,200,-98.0,1.0,86.7,46.9,2500.82080078125
SF12,200,-102.0,-1.0,87.5,46.9,2501.9677734375
SF12,200,-100.0,2.0,88.2,46.9,2499.623046875
SF12,200,-100.0,2.0,88.9,46.9,2494.408203125
SF12,200,-101.0,0.0,89.5,46.9,2506.246826171875
SF12,200,-102.0,1.0,90.0,46.9,2501.79443359375
SF12,200,-102.0,-1.0,90.5,46.9,2501.04150390625
SF12,200,-98.0,2.0,90.9,46.9,2502.078125
SF12,200,-95.0,3.0,91.3,46.9,2497.76171875
SF12,200,-93.0,1.0,91.7,46.9,2500.0400390625
SF12,200,-97.0,2.0,85.2,46.9,7504.31787109375
SF12,200,-98.0,3.0,85.7,46.9,2499.45849609375
SF12,200,-101.0,1.0,86.2,46.9,2504.79150390625
SF12,200,-102.0,1.0,66.7,46.9,25006.511962890625
SF12,200,-105.0,-6.0,67.5,46.9,2503.52978515625
SF12,200,-104.0,-2.0,65.1,46.9,7501.0771484375
SF12,200,-104.0,-3.0,65.9,46.9,2499.336181640625
SF12,200,-103.0,-1.0,66.7,46.9,2502.441650390625
SF12,200,-101.0,0.0,67.4,46.9,2502.3583984375
SF7,300,-104.0,-6.0,12.5,115.4,2515.8
SF7,300,-104.0,-7.0,22.2,115.4,2487.616943359375
SF7,300,-103.0,-1.0,27.3,115.4,4999.80810546875
SF7,300,-104.0,-2.0,33.3,115.4,2501.242431640625
SF7,300,-103.0,0.0,38.5,115.4,2502.342041015625
SF7,300,-103.0,-2.0,42.9,115.4,2509.02392578125
SF7,300,-103.0,0.0,46.7,115.4,2498.628662109375
SF7,300,-102.0,-1.0,50.0,115.4,2497.973388671875
SF7,300,-101.0,2.0,52.9,115.4,2500.802978515625
SF7,300,-101.0,3.0,55.6,115.4,2500.720947265625
SF7,300,-102.0,-1.0,57.9,115.4,2501.8369140625
SF7,300,-102.0,-1.0,60.0,115.4,2493.33056640625
SF7,300,-101.0,2.0,61.9,115.4,2505.740966796875
SF7,300,-102.0,0.0,63.6,115.4,2498.86669921875
SF7,300,-102.0,1.0,65.2,115.4,2500.643798828125
SF7,300,-104.0,-6.0,64.0,115.4,5007.69091796875
SF7,300,-103.0,-7.0,65.4,115.4,2499.540283203125
SF7,300,-104.0,-6.0,66.7,115.4,2499.184326171875
SF7,300,-103.0,-3.0,67.9,115.4,2498.9853515625
SF7,300,-99.0,4.0,69.0,115.4,2502.568115234375
SF7,300,-98.0,5.0,70.0,115.4,2498.974853515625
SF7,300,-98.0,5.0,71.0,115.4,2497.29052734375
SF7,300,-98.0,5.0,71.9,115.4,2494.15185546875
SF7,300,-98.0,5.0,72.7,115.4,2508.146240234375
SF7,300,-98.0,5.0,73.5,115.4,2501.935302734375
SF7,300,-99.0,3.0,74.3,115.4,2501.77880859375
SF7,300,-100.0,4.0,75.0,115.4,2506.325439453125
SF7,300,-99.0,4.0,75.7,115.4,2500.01416015625
SF7,300,-99.0,4.0,76.3,115.4,2497.65625
SF7,300,-104.0,-3.0,76.9,115.4,2505.064208984375
SF7,300,-105.0,-9.0,75.6,115.4,5002.2490234375
SF7,300,-106.0,-9.0,74.4,115.4,4996.87744140625
SF7,300,-105.0,-10.0,73.3,115.4,5007.549072265625
SF7,300,-104.0,-4.0,69.4,115.4,10004.46875
SF7,300,-105.0,-10.0,70.0,115.4,2505.474609375
SF9,300,-105.0,-12.0,100.0,81.1,25512.51342773437
SF9,300,-104.0,-6.0,100.0,81.1,2468.13134765625
SF9,300,-100.0,1.0,100.0,81.1,2499.603759765625
SF9,300,-102.0,-1.0,100.0,81.1,2501.432861328125
SF9,300,-100.0,2.0,100.0,81.1,2500.313720703125
SF9,300,-100.0,1.0,100.0,81.1,2498.193359375
SF9,300,-100.0,2.0,100.0,81.1,2499.884033203125
SF9,300,-101.0,1.0,100.0,81.1,2510.2939453125
SF9,300,-99.0,3.0,100.0,81.1,2498.9130859375
SF9,300,-99.0,2.0,100.0,81.1,2502.3125
SF9,300,-99.0,3.0,100.0,81.1,2500.343017578125
SF9,300,-101.0,0.0,100.0,81.1,2508.1796875
SF9,300,-100.0,1.0,100.0,81.1,2498.363037109375
SF9,300,-102.0,-4.0,100.0,81.1,2503.468505859375
SF9,300,-102.0,-2.0,100.0,81.1,2496.710693359375
SF9,300,-103.0,-2.0,100.0,81.1,2524.282470703125
SF9,300,-101.0,0.0,100.0,81.1,2479.31640625
SF9,300,-101.0,0.0,100.0,81.1,2498.0234375
SF9,300,-100.0,1.0,100.0,81.1,2502.642578125
SF9,300,-102.0,-1.0,100.0,81.1,2502.225341796875
SF9,300,-102.0,-1.0,100.0,81.1,2494.64990234375
SF9,300,-102.0,-1.0,100.0,81.1,2505.293701171875
SF9,300,-101.0,-1.0,100.0,81.1,2504.277587890625
SF9,300,-101.0,0.0,100.0,81.1,2501.15380859375
SF9,300,-100.0,0.0,100.0,81.1,2498.660888671875
SF9,300,-101.0,0.0,100.0,81.1,2501.196533203125
SF9,300,-102.0,-8.0,100.0,81.1,2504.62158203125
SF9,300,-99.0,4.0,100.0,81.1,2499.39599609375
SF9,300,-99.0,2.0,100.0,81.1,2498.015625
SF9,300,-100.0,1.0,100.0,81.1,2507.90869140625
SF9,300,-100.0,2.0,100.0,81.1,2495.233642578125
SF9,300,-100.0,2.0,100.0,81.1,2498.428466796875
SF9,300,-99.0,2.0,100.0,81.1,2512.345458984375
SF9,300,-102.0,-1.0,100.0,81.1,2498.119873046875
SF9,300,-101.0,1.0,100.0,81.1,2498.753662109375
SF9,300,-102.0,0.0,100.0,81.1,2499.038818359375
SF9,300,-99.0,2.0,100.0,81.1,2502.444580078125
SF9,300,-100.0,2.0,100.0,81.1,2501.28173828125
SF9,300,-99.0,2.0,100.0,81.1,2501.132568359375
SF9,300,-99.0,3.0,100.0,81.1,2495.84716796875
SF9,300,-97.0,5.0,100.0,81.1,2503.279296875
SF9,300,-98.0,3.0,100.0,81.1,2501.868408203125
SF9,300,-100.0,2.0,100.0,81.1,2507.687255859375
SF9,300,-100.0,2.0,100.0,81.1,2495.47802734375
SF9,300,-99.0,2.0,100.0,81.1,2502.275634765625
SF9,300,-100.0,2.0,100.0,81.1,2501.733642578125
SF9,300,-101.0,-1.0,100.0,81.1,2500.31640625
SF9,300,-101.0,1.0,100.0,81.1,2501.25927734375
SF9,300,-99.0,3.0,100.0,81.1,2501.76806640625
SF9,300,-99.0,3.0,100.0,81.1,2491.83251953125
SF12,300,-98.0,-5.0,50.0,46.9,14700.897705078123
SF12,300,-98.0,-6.0,66.7,46.9,2483.880126953125
SF12,300,-104.0,-7.0,18.8,46.9,32518.420166015625
SF12,300,-104.0,-6.0,23.5,46.9,2498.77587890625
SF12,300,-104.0,-8.0,27.8,46.9,2498.44189453125
SF12,300,-102.0,-6.0,31.6,46.9,2501.82666015625
SF12,300,-103.0,-3.0,35.0,46.9,2502.10009765625
SF12,300,-103.0,-6.0,38.1,46.9,2498.70166015625
SF12,300,-104.0,-5.0,39.1,46.9,5004.4482421875
SF12,300,-105.0,-7.0,41.7,46.9,2503.683349609375
SF12,300,-105.0,-8.0,44.0,46.9,2502.349609375
SF12,300,-102.0,-3.0,46.2,46.9,2497.244384765625
SF12,300,-98.0,1.0,33.3,46.9,32518.72216796875
SF12,300,-100.0,1.0,35.0,46.9,2491.08984375
SF12,300,-104.0,-6.0,33.3,46.9,12513.00537109375
SF12,300,-104.0,-5.0,34.8,46.9,2497.7724609375
SF12,300,-104.0,-4.0,36.2,46.9,2502.3603515625
SF12,300,-104.0,-4.0,37.5,46.9,2496.959716796875
SF12,300,-104.0,-7.0,38.8,46.9,2513.857421875
SF7,600,-105.0,-9.0,7.7,115.4,2515.8
SF7,600,-106.0,-10.0,14.3,115.4,2487.392822265625
SF7,600,-107.0,-9.0,20.0,115.4,2502.831298828125
SF7,600,-106.0,-9.0,25.0,115.4,2494.8984375
SF7,600,-106.0,-7.0,27.8,115.4,5009.13427734375
SF7,600,-106.0,-8.0,30.0,115.4,4999.939208984375
SF7,600,-107.0,-10.0,18.9,115.4,42524.89111328125
SF7,600,-105.0,-6.0,20.5,115.4,4996.699462890625
SF7,600,-106.0,-7.0,22.5,115.4,2499.259033203125
SF7,600,-105.0,-9.0,24.4,115.4,2498.234130859375
SF7,600,-105.0,-7.0,26.2,115.4,2502.1083984375
SF7,600,-104.0,-3.0,27.9,115.4,2502.340576171875
SF7,600,-105.0,-8.0,29.5,115.4,2498.2421875
SF7,600,-105.0,-10.0,31.1,115.4,2505.33544921875
SF7,600,-106.0,-8.0,32.6,115.4,2505.117919921875
SF7,600,-104.0,-5.0,34.0,115.4,2498.4541015625
SF7,600,-105.0,-5.0,35.4,115.4,2497.103759765625
SF7,600,-105.0,-5.0,36.7,115.4,2496.530517578125
SF7,600,-105.0,-5.0,38.0,115.4,2500.922119140625
SF9,600,-105.0,-7.0,100.0,81.1,12946.0888671875
SF9,600,-103.0,-5.0,100.0,81.1,2467.495361328125
SF9,600,-104.0,-16.0,60.0,81.1,7502.212890625
SF9,600,-102.0,-3.0,66.7,81.1,2505.7939453125
SF9,600,-104.0,-8.0,71.4,81.1,2497.3447265625
SF9,600,-104.0,-9.0,75.0,81.1,2497.337158203125
SF9,600,-104.0,-8.0,77.8,81.1,2501.6962890625
SF9,600,-104.0,-12.0,80.0,81.1,2519.64404296875
SF9,600,-104.0,-13.0,81.8,81.1,2495.114501953125
SF9,600,-105.0,-15.0,58.8,81.1,15006.604248046875
SF9,600,-104.0,-15.0,57.9,81.1,4997.585205078125
SF9,600,-104.0,-15.0,54.5,81.1,7500.376220703125
SF9,600,-105.0,-15.0,52.0,81.1,7507.673583984375
SF9,600,-105.0,-11.0,53.8,81.1,2504.50439453125
SF9,600,-104.0,-12.0,55.6,81.1,2498.948974609375
SF9,600,-104.0,-13.0,57.1,81.1,2500.86767578125
SF9,600,-104.0,-12.0,48.6,81.1,17511.91796875
SF9,600,-104.0,-14.0,50.0,81.1,2508.552734375
SF9,600,-104.0,-11.0,51.4,81.1,2490.98193359375
SF9,600,-103.0,-14.0,52.6,81.1,2499.460693359375
SF9,600,-105.0,-11.0,50.0,81.1,10006.270751953125
SF9,600,-105.0,-13.0,51.2,81.1,2501.969482421875
SF9,600,-104.0,-13.0,52.3,81.1,2499.9833984375
SF9,600,-105.0,-14.0,53.3,81.1,2500.333740234375
SF12,600,-105.0,-20.0,50.0,46.9,27291.800537109375
SF12,600,-105.0,-13.0,9.1,46.9,50005.50634765625
SF12,600,-103.0,-13.0,13.0,46.9,2500.0029296875
SF12,600,-103.0,-13.0,16.7,46.9,2501.198974609375
SF12,600,-104.0,-12.0,20.0,46.9,2513.26904296875
SF12,600,-104.0,-12.0,23.1,46.9,2485.919677734375
SF12,600,-104.0,-14.0,25.9,46.9,2508.2529296875
SF12,600,-105.0,-12.0,28.6,46.9,2493.194580078125
SF12,600,-104.0,-12.0,31.0,46.9,2506.388916015625
SF12,600,-104.0,-14.0,30.3,46.9,10008.542724609375
SF12,600,-104.0,-12.0,32.4,46.9,2500.193359375
SF12,600,-104.0,-15.0,34.3,46.9,2500.95361328125
SF12,600,-104.0,-22.0,31.7,46.9,15005.60986328125
SF12,600,-104.0,-11.0,33.3,46.9,2501.363037109375
SF12,600,-105.0,-18.0,34.9,46.9,2501.88427734375
SF12,600,-104.0,-11.0,36.4,46.9,2505.908447265625
SF12,600,-104.0,-15.0,37.8,46.9,2495.295166015625
SF12,600,-104.0,-13.0,39.1,46.9,2500.990966796875
